word,meaning,example,pronunciation,partOfSpeech,topic,tags
home,nhà,I use home in a natural English sentence.,,noun,daily-life,Daily conversation
family,gia đình,I use family in a natural English sentence.,,noun,daily-life,Daily conversation
breakfast,bữa sáng,I use breakfast in a natural English sentence.,,noun,daily-life,Daily conversation
dinner,bữa tối,I use dinner in a natural English sentence.,,noun,daily-life,Daily conversation
kitchen,nhà bếp,I use kitchen in a natural English sentence.,,noun,daily-life,Daily conversation
bedroom,phòng ngủ,I use bedroom in a natural English sentence.,,noun,daily-life,Daily conversation
neighbor,hàng xóm,I use neighbor in a natural English sentence.,,noun,daily-life,Daily conversation
market,chợ,I use market in a natural English sentence.,,noun,daily-life,Daily conversation
garden,khu vườn,I use garden in a natural English sentence.,,noun,daily-life,Daily conversation
clean,dọn dẹp,I use clean in a natural English sentence.,,noun,daily-life,Daily conversation
cook,nấu ăn,I use cook in a natural English sentence.,,noun,daily-life,Daily conversation
sleep,ngủ,I use sleep in a natural English sentence.,,noun,daily-life,Daily conversation
wake,thức dậy,I use wake in a natural English sentence.,,noun,daily-life,Daily conversation
shower,tắm,I use shower in a natural English sentence.,,noun,daily-life,Daily conversation
clothes,quần áo,I use clothes in a natural English sentence.,,noun,daily-life,Daily conversation
weather,thời tiết,I use weather in a natural English sentence.,,noun,daily-life,Daily conversation
sunny,có nắng,I use sunny in a natural English sentence.,,noun,daily-life,Daily conversation
rainy,có mưa,I use rainy in a natural English sentence.,,noun,daily-life,Daily conversation
friend,bạn bè,I use friend in a natural English sentence.,,noun,daily-life,Daily conversation
exercise,tập thể dục,I use exercise in a natural English sentence.,,noun,daily-life,Daily conversation
healthy,khỏe mạnh,I use healthy in a natural English sentence.,,noun,daily-life,Daily conversation
hungry,đói,I use hungry in a natural English sentence.,,noun,daily-life,Daily conversation
thirsty,khát,I use thirsty in a natural English sentence.,,noun,daily-life,Daily conversation
happy,vui vẻ,I use happy in a natural English sentence.,,noun,daily-life,Daily conversation
tired,mệt mỏi,I use tired in a natural English sentence.,,noun,daily-life,Daily conversation
money,tiền,I use money in a natural English sentence.,,noun,daily-life,Daily conversation
phone,điện thoại,I use phone in a natural English sentence.,,noun,daily-life,Daily conversation
music,âm nhạc,I use music in a natural English sentence.,,noun,daily-life,Daily conversation
movie,phim,I use movie in a natural English sentence.,,noun,daily-life,Daily conversation
weekend,cuối tuần,I use weekend in a natural English sentence.,,noun,daily-life,Daily conversation
morning,buổi sáng,I use morning in a natural English sentence.,,noun,daily-life,Daily conversation
evening,buổi tối,I use evening in a natural English sentence.,,noun,daily-life,Daily conversation
birthday,sinh nhật,I use birthday in a natural English sentence.,,noun,daily-life,Daily conversation
airport,sân bay,I use airport in a natural English sentence.,,noun,travel,Daily conversation
passport,hộ chiếu,I use passport in a natural English sentence.,,noun,travel,IELTS
luggage,hành lý,I use luggage in a natural English sentence.,,noun,travel,IELTS
ticket,vé,I use ticket in a natural English sentence.,,noun,travel,IELTS
journey,hành trình,I use journey in a natural English sentence.,,noun,travel,IELTS
destination,điểm đến,I use destination in a natural English sentence.,,noun,travel,IELTS
departure,khởi hành,I use departure in a natural English sentence.,,noun,travel,IELTS
arrival,đến nơi,I use arrival in a natural English sentence.,,noun,travel,IELTS
hotel,khách sạn,I use hotel in a natural English sentence.,,noun,travel,IELTS
reservation,đặt chỗ,I use reservation in a natural English sentence.,,noun,travel,IELTS
tourist,khách du lịch,I use tourist in a natural English sentence.,,noun,travel,IELTS
guide,hướng dẫn,I use guide in a natural English sentence.,,noun,travel,IELTS
map,bản đồ,I use map in a natural English sentence.,,noun,travel,IELTS
beach,bãi biển,I use beach in a natural English sentence.,,noun,travel,IELTS
mountain,núi,I use mountain in a natural English sentence.,,noun,travel,IELTS
island,đảo,I use island in a natural English sentence.,,noun,travel,IELTS
museum,bảo tàng,I use museum in a natural English sentence.,,noun,travel,IELTS
restaurant,nhà hàng,I use restaurant in a natural English sentence.,,noun,travel,IELTS
station,nhà ga,I use station in a natural English sentence.,,noun,travel,IELTS
bus,xe buýt,I use bus in a natural English sentence.,,noun,travel,IELTS
train,tàu hỏa,I use train in a natural English sentence.,,noun,travel,IELTS
flight,chuyến bay,I use flight in a natural English sentence.,,noun,travel,IELTS
delay,trì hoãn,I use delay in a natural English sentence.,,noun,travel,IELTS
cancel,hủy,I use cancel in a natural English sentence.,,noun,travel,IELTS
abroad,nước ngoài,I use abroad in a natural English sentence.,,noun,travel,IELTS
souvenir,quà lưu niệm,I use souvenir in a natural English sentence.,,noun,travel,IELTS
currency,tiền tệ,I use currency in a natural English sentence.,,noun,travel,IELTS
direction,phương hướng,I use direction in a natural English sentence.,,noun,travel,IELTS
explore,khám phá,I use explore in a natural English sentence.,,noun,travel,IELTS
adventure,phiêu lưu,I use adventure in a natural English sentence.,,noun,travel,IELTS
itinerary,lịch trình,I use itinerary in a natural English sentence.,,noun,travel,IELTS
office,văn phòng,I use office in a natural English sentence.,,noun,work-study,IELTS
meeting,cuộc họp,I use meeting in a natural English sentence.,,noun,work-study,IELTS
project,dự án,I use project in a natural English sentence.,,noun,work-study,IELTS
deadline,hạn chót,I use deadline in a natural English sentence.,,noun,work-study,Business English
colleague,đồng nghiệp,I use colleague in a natural English sentence.,,noun,work-study,Business English
manager,quản lý,I use manager in a natural English sentence.,,noun,work-study,Business English
salary,lương,I use salary in a natural English sentence.,,noun,work-study,Business English
career,sự nghiệp,I use career in a natural English sentence.,,noun,work-study,Business English
interview,phỏng vấn,I use interview in a natural English sentence.,,noun,work-study,Business English
resume,hồ sơ,I use resume in a natural English sentence.,,noun,work-study,Business English
task,nhiệm vụ,I use task in a natural English sentence.,,noun,work-study,Business English
schedule,lịch,I use schedule in a natural English sentence.,,noun,work-study,Business English
report,báo cáo,I use report in a natural English sentence.,,noun,work-study,Business English
research,nghiên cứu,I use research in a natural English sentence.,,noun,work-study,Business English
student,học sinh,I use student in a natural English sentence.,,noun,work-study,Business English
teacher,giáo viên,I use teacher in a natural English sentence.,,noun,work-study,Business English
lesson,bài học,I use lesson in a natural English sentence.,,noun,work-study,Business English
homework,bài tập,I use homework in a natural English sentence.,,noun,work-study,Business English
exam,kỳ thi,I use exam in a natural English sentence.,,noun,work-study,Business English
library,thư viện,I use library in a natural English sentence.,,noun,work-study,Business English
knowledge,kiến thức,I use knowledge in a natural English sentence.,,noun,work-study,Business English
skill,kỹ năng,I use skill in a natural English sentence.,,noun,work-study,Business English
practice,luyện tập,I use practice in a natural English sentence.,,noun,work-study,Business English
improve,cải thiện,I use improve in a natural English sentence.,,noun,work-study,Business English
achieve,đạt được,I use achieve in a natural English sentence.,,noun,work-study,Business English
focus,tập trung,I use focus in a natural English sentence.,,noun,work-study,Business English
creative,sáng tạo,I use creative in a natural English sentence.,,noun,work-study,Business English
teamwork,làm việc nhóm,I use teamwork in a natural English sentence.,,noun,work-study,Business English
present,trình bày,I use present in a natural English sentence.,,noun,work-study,Business English
document,tài liệu,I use document in a natural English sentence.,,noun,work-study,Business English
computer,máy tính,I use computer in a natural English sentence.,,noun,work-study,Business English
contract,hợp đồng,I use contract in a natural English sentence.,,noun,work-study,Business English
customer,khách hàng,I use customer in a natural English sentence.,,noun,work-study,Business English
business,kinh doanh,I use business in a natural English sentence.,,noun,work-study,Business English
training,đào tạo,I use training in a natural English sentence.,,noun,work-study,Business English
graduate,tốt nghiệp,I use graduate in a natural English sentence.,,noun,work-study,Business English
